Name,Grade,Circuit,Dynamic,Water,Experimental,Chemistry,Machines,Disease,Astronomy,Entomology,Codebusters,Remote,Anatomy,CAD,Forensics,Designer,Materials,Rocks,Boomilever,Bungee,Helicopter,Hovercraft,Robot,Electric
Abrasax,11,2,3,3,2,1,3,3,3,3,3,3,2,3,3,2,2,3,1,3,3,1,3,2
Alon,11,2,2,3,1,3,2,1,3,1,3,3,2,1,3,3,1,1,1,1,1,3,3,3
Avery,10,2,2,1,1,3,3,1,3,1,2,3,2,3,1,2,2,1,3,3,3,3,3,3
David,10,1,1,1,2,3,1,1,1,1,1,1,1,3,1,3,3,2,1,1,1,1,1,2
Jasper,12,2,2,3,2,2,2,3,2,2,3,2,3,3,2,3,3,2,1,2,3,1,1,3
Kayla,12,3,3,2,1,3,3,1,3,1,3,2,2,3,1,1,3,1,3,3,3,3,3,3
Ruthie,11,2,1,2,3,3,3,3,3,3,3,3,2,3,3,1,1,2,3,3,3,3,3,3
Nina,11,3,3,3,3,2,1,2,3,1,1,3,2,3,2,2,3,3,3,3,3,3,3,3
Phoenix,10,2,2,3,3,3,3,1,1,2,1,3,2,3,1,1,3,3,3,3,3,3,3,3
Raha,10,3,1,1,3,1,3,1,3,2,2,3,1,3,2,1,2,2,3,3,3,2,3,3
Rain,12,2,3,3,2,2,3,3,3,3,3,3,3,1,3,3,2,3,3,2,2,2,1,2
Sunipun,12,3,3,3,3,1,3,2,3,2,3,3,1,3,3,1,3,3,3,3,3,3,3,3
Timothy,12,3,2,2,3,3,3,1,2,2,2,2,1,3,3,2,3,2,3,3,3,3,3,3
Yibin,10,3,3,2,3,3,3,1,3,3,3,3,1,3,3,1,3,3,3,3,3,3,3,3
Youssef,12,3,3,3,2,3,1,3,3,3,3,3,3,2,3,3,3,3,1,3,1,1,1,2